Year,Pick,Team,Player,Position
1989,1,SAC,Pervis Ellison,Center
1989,2,LAC,Danny Ferry,Power
1989,3,SAS,Sean Elliott,Small
1989,4,MIA,Glen Rice,Small
1989,5,CHH,J.R. Reid,Power
1989,6,CHI,Stacey King,Power
1989,7,IND,George McCloud,Small
1989,8,DAL,Randy White,Power
1989,9,WSB,Tom Hammonds,Power
1989,10,MIN,Pooh Richardson,Point
1989,11,ORL,Nick Anderson,Shooting
1989,12,NJN,Mookie Blaylock,Point
1989,13,BOS,Michael Smith,Power
1989,14,GSW,Tim Hardaway,Point
1989,15,DEN,Todd Lichti,Shooting
1989,16,SEA,Dana Barros,Point
1989,17,SEA,Shawn Kemp,Power
1989,18,CHI,B.J. Armstrong,Point
1989,19,PHI,Kenny Payne,Small
1989,20,CHI,Jeff Sanders,Power
1989,21,UTA,Blue Edwards,Small
1989,22,POR,Byron Irvin,Shooting
1989,23,ATL,Roy Marble,Shooting
1989,24,PHO,Anthony Cook,Power
1989,25,CLE,John Morton,Shooting
1989,26,LAL,Vlade Divac,Center
1989,27,DET,Kenny Battle,Shooting
1989,28,MIA,Sherman Douglas,Point
1989,29,CHH,Dyron Nix,Small
1989,30,MIL,Frank Kornet,Power
1989,31,LAC,Jeff Martin,Shooting
1989,32,NJN,Stanley Brundy,Small
1989,33,LAC,Jay Edwards,Shooting
1989,34,MIN,Gary Leonard,Center
1989,35,DAL,Pat Durham,Small
1989,36,POR,Clifford Robinson,Power
1989,37,ORL,Michael Ansley,Small
1989,38,MIN,Doug West,Shooting
1989,39,WSB,Ed Horton,Power
1989,40,BOS,Dino Radja,Power
1989,41,WSB,Doug Roth,Center
1989,42,DEN,Michael Cutright,Unknown
1989,43,CLE,Chucky Brown,Small
1989,44,PHI,Reggie Cross,Unknown
1989,45,MIA,Scott Haffner,Point
1989,46,PHO,Ricky Blanton,Small
1989,47,DEN,Reggie Turner,Unknown
1989,48,UTA,Junie Lewis,Unknown
1989,49,ATL,Haywoode Workman,Point
1989,50,NYK,Brian Quinnett,Shooting
1989,51,PHO,Mike Morrison,Shooting
1989,52,PHO,Greg Grant,Point
1989,53,DAL,Jeff Hodge,Unknown
1989,54,PHI,Toney Mack,Unknown
1990,1,NJN,Derrick Coleman,Power
1990,2,SEA,Gary Payton,Point
1990,3,DEN,Mahmoud Abdul-Rauf,Point
1990,4,ORL,Dennis Scott,Small
1990,5,CHH,Kendall Gill,Shooting
1990,6,MIN,Felton Spencer,Center
1990,7,SAC,Lionel Simmons,Small
1990,8,LAC,Bo Kimble,Shooting
1990,9,MIA,Willie Burton,Small
1990,10,ATL,Rumeal Robinson,Point
1990,11,GSW,Tyrone Hill,Power
1990,12,HOU,Alec Kessler,Power
1990,13,LAC,Loy Vaught,Power
1990,14,SAC,Travis Mays,Point
1990,15,MIA,Dave Jamerson,Shooting
1990,16,MIL,Terry Mills,Power
1990,17,NYK,Jerrod Mustaf,Power
1990,18,SAC,Duane Causwell,Center
1990,19,BOS,Dee Brown,Point
1990,20,MIN,Gerald Glass,Small
1990,21,PHO,Jayson Williams,Power
1990,22,NJN,Tate George,Shooting
1990,23,SAC,Anthony Bonner,Power
1990,24,SAS,Dwayne Schintzius,Center
1990,25,POR,Alaa Abdelnaby,Power
1990,26,DET,Lance Blanks,Shooting
1990,27,LAL,Elden Campbell,Power
1990,28,GSW,Les Jepsen,Center
1990,29,CHI,Toni Kukoč,Small
1990,30,MIA,Carl Herrera,Power
1990,31,PHO,Negele Knight,Point
1990,32,PHI,Brian Oliver,Shooting
1990,33,UTA,Walter Palmer,Center
1990,34,GSW,Kevin Pritchard,Point
1990,35,WSB,Greg Foster,Power
1990,36,ATL,Trevor Wilson,Power
1990,37,WSB,A.J. English,Shooting
1990,38,SEA,Jud Buechler,Small
1990,39,CHH,Steve Scheffler,Center
1990,40,SAC,Bimbo Coles,Point
1990,41,ATL,Steve Bardo,Shooting
1990,42,DEN,Marcus Liberty,Small
1990,43,SAS,Tony Massenburg,Power
1990,44,MIL,Steve Henson,Point
1990,45,IND,Antonio Davis,Power
1990,46,IND,Kenny Williams,Small
1990,47,PHI,Derek Strong,Power
1990,48,PHO,Cedric Ceballos,Small
1990,49,DAL,Phil Henderson,Unknown
1990,50,PHO,Miloš Babić,Power
1990,51,LAL,Tony Smith,Shooting
1990,52,CLE,Stefano Rusconi,Power
1990,53,SEA,Abdul Shamsid-Deen,Unknown
1990,54,SAS,Sean Higgins,Small
1991,1,CHH,Larry Johnson,Power
1991,2,NJN,Kenny Anderson,Point
1991,3,SAC,Billy Owens,Small
1991,4,DEN,Dikembe Mutombo,Center
1991,5,MIA,Steve Smith,Shooting
1991,6,DAL,Doug Smith,Power
1991,7,MIN,Luc Longley,Center
1991,8,DEN,Mark Macon,Shooting
1991,9,ATL,Stacey Augmon,Shooting
1991,10,ORL,Bison Dele,Center
1991,11,CLE,Terrell Brandon,Point
1991,12,NYK,Greg Anthony,Point
1991,13,IND,Dale Davis,Center
1991,14,SEA,Rich King,Center
1991,15,ATL,Anthony Avent,Power
1991,16,GSW,Chris Gatling,Power
1991,17,GSW,Victor Alexander,Center
1991,18,MIL,Kevin Brooks,Small
1991,19,WSB,LaBradford Smith,Shooting
1991,20,HOU,John Turner,Small
1991,21,UTA,Eric Murdock,Point
1991,22,LAC,LeRon Ellis,Center
1991,23,ORL,Stanley Roberts,Center
1991,24,BOS,Rick Fox,Small
1991,25,GSW,Shaun Vandiver,Unknown
1991,26,CHI,Mark Randall,Power
1991,27,SAC,Pete Chilcutt,Power
1991,28,CHH,Kevin Lynch,Shooting
1991,29,MIA,George Ackles,Unknown
1991,30,ATL,Rodney Monroe,Shooting
1991,31,SAC,Randy Brown,Point
1991,32,PHO,Chad Gallagher,Center
1991,33,DAL,Donald Hodge,Center
1991,34,MIN,Myron Brown,Point
1991,35,DAL,Mike Iuzzolino,Point
1991,36,ORL,Chris Corchiani,Point
1991,37,LAC,Elliot Perry,Point
1991,38,LAC,Joe Wylie,Unknown
1991,39,CLE,Jimmy Oliver,Shooting
1991,40,DET,Doug Overton,Point
1991,41,IND,Sean Green,Shooting
1991,42,SAC,Steve Hood,Unknown
1991,43,GSW,Lamont Strothers,Shooting
1991,44,PHI,Alvaro Teheran,Unknown
1991,45,MIL,Bobby Phills,Shooting
1991,46,PHO,Richard Dumas,Small
1991,47,HOU,Keith Hughes,Unknown
1991,48,UTA,Isaac Austin,Center
1991,49,SAS,Greg Sutton,Point
1991,50,PHO,Joey Wright,Unknown
1991,51,HOU,Žan Tabak,Center
1991,52,LAL,Anthony Jones,Unknown
1991,53,NJN,Von McDade,Unknown
1991,54,POR,Marcus Kennedy,Unknown
1992,1,ORL,Shaquille O'Neal,Center
1992,2,CHH,Alonzo Mourning,Center
1992,3,MIN,Christian Laettner,Power
1992,4,DAL,Jim Jackson,Small
1992,5,DEN,LaPhonso Ellis,Power
1992,6,WSB,Tom Gugliotta,Power
1992,7,SAC,Walt Williams,Small
1992,8,MIL,Todd Day,Shooting
1992,9,PHI,Clarence Weatherspoon,Power
1992,10,ATL,Adam Keefe,Power
1992,11,HOU,Robert Horry,Power
1992,12,MIA,Harold Miner,Shooting
1992,13,DEN,Bryant Stith,Shooting
1992,14,IND,Malik Sealy,Small
1992,15,LAL,Anthony Peeler,Shooting
1992,16,LAC,Randy Woods,Point
1992,17,SEA,Doug Christie,Shooting
1992,18,SAS,Tracy Murray,Small
1992,19,DET,Don MacLean,Small
1992,20,NYK,Hubert Davis,Shooting
1992,21,BOS,Jon Barry,Shooting
1992,22,PHO,Oliver Miller,Center
1992,23,MIL,Lee Mayberry,Point
1992,24,GSW,Latrell Sprewell,Small
1992,25,LAC,Elmore Spencer,Center
1992,26,POR,Dave Johnson,Shooting
1992,27,CHI,Byron Houston,Power
1992,28,MIN,Marlon Maxey,Power
1992,29,NJN,P.J. Brown,Power
1992,30,DAL,Sean Rooks,Center
1992,31,POR,Reggie Smith,Power
1992,32,WSB,Brent Price,Point
1992,33,CHI,Corey Williams,Point
1992,34,MIN,Chris Smith,Shooting
1992,35,CHH,Tony Bennett,Point
1992,36,LAL,Duane Cooper,Point
1992,37,MIA,Isaiah Morris,Small
1992,38,ATL,Elmer Bennett,Point
1992,39,CHI,Litterial Green,Point
1992,40,NJN,Steve Rogers,Unknown
1992,41,HOU,Popeye Jones,Power
1992,42,MIA,Matt Geiger,Center
1992,43,GSW,Sasha Danilović,Shooting
1992,44,SAS,Henry Williams,Unknown
1992,45,SEA,Chris King,Small
1992,46,DEN,Robert Werdann,Center
1992,47,BOS,Darren Morningstar,Center
1992,48,PHO,Brian Davis,Small
1992,49,PHO,Ron Ellis,Unknown
1992,50,GSW,Matt Fish,Center
1992,51,MIN,Tim Burroughs,Unknown
1992,52,CHI,Matt Steigenga,Small
1992,53,HOU,Curtis Blair,Unknown
1992,54,SAC,Brett Roberts,Unknown
1993,1,ORL,Chris Webber,Power
1993,2,PHI,Shawn Bradley,Center
1993,3,GSW,Anfernee Hardaway,Shooting
1993,4,DAL,Jamal Mashburn,Small
1993,5,MIN,Isaiah Rider,Shooting
1993,6,WSB,Calbert Cheaney,Shooting
1993,7,SAC,Bobby Hurley,Point
1993,8,MIL,Vin Baker,Power
1993,9,DEN,Rodney Rogers,Small
1993,10,DET,Lindsey Hunter,Point
1993,11,DET,Allan Houston,Shooting
1993,12,LAL,George Lynch,Small
1993,13,LAC,Terry Dehere,Point
1993,14,IND,Scott Haskin,Center
1993,15,ATL,Doug Edwards,Power
1993,16,NJN,Rex Walters,Shooting
1993,17,CHH,Greg Graham,Shooting
1993,18,UTA,Luther Wright,Center
1993,19,BOS,Acie Earl,Center
1993,20,CHH,Scott Burrell,Small
1993,21,POR,James Robinson,Point
1993,22,CLE,Chris Mills,Small
1993,23,SEA,Ervin Johnson,Center
1993,24,HOU,Sam Cassell,Point
1993,25,CHI,Corie Blount,Power
1993,26,ORL,Geert Hammink,Center
1993,27,PHO,Malcolm Mackey,Center
1993,28,DAL,Lucious Harris,Shooting
1993,29,MIN,Sherron Mills,Unknown
1993,30,WSB,Gheorghe Mureșan,Center
1993,31,SAC,Evers Burns,Power
1993,32,PHI,Alphonso Ford,Shooting
1993,33,DAL,Eric Riley,Center
1993,34,GSW,Darnell Mee,Shooting
1993,35,MIA,Ed Stokes,Center
1993,36,NJN,John Best,Unknown
1993,37,LAL,Nick Van Exel,Point
1993,38,WSB,Conrad McRae,Unknown
1993,39,IND,Thomas Hill,Unknown
1993,40,ATL,Rich Manning,Power
1993,41,CHI,Anthony Reed,Unknown
1993,42,SEA,Adonis Jordan,Point
1993,43,DEN,Josh Grant,Power
1993,44,SAC,Alex Holcombe,Unknown
1993,45,UTA,Bryon Russell,Small
1993,46,HOU,Richard Petruška,Center
1993,47,SAS,Chris Whitney,Point
1993,48,POR,Kevin Thompson,Center
1993,49,PHO,Mark Buford,Unknown
1993,50,HOU,Marcelo Nicola,Unknown
1993,51,IND,Spencer Dunkley,Unknown
1993,52,SAC,Mike Peplowski,Center
1993,53,LAC,Leonard White,Unknown
1993,54,PHO,Byron Wilson,Unknown
1994,1,MIL,Glenn Robinson,Small
1994,2,DAL,Jason Kidd,Point
1994,3,DET,Grant Hill,Small
1994,4,MIN,Donyell Marshall,Power
1994,5,WSB,Juwan Howard,Power
1994,6,PHI,Sharone Wright,Center
1994,7,LAC,Lamond Murray,Small
1994,8,SAC,Brian Grant,Power
1994,9,BOS,Eric Montross,Center
1994,10,LAL,Eddie Jones,Shooting
1994,11,SEA,Carlos Rogers,Power
1994,12,MIA,Khalid Reeves,Point
1994,13,DEN,Jalen Rose,Small
1994,14,NJN,Yinka Dare,Center
1994,15,IND,Eric Piatkowski,Shooting
1994,16,GSW,Clifford Rozier,Center
1994,17,POR,Aaron McKie,Shooting
1994,18,MIL,Eric Mobley,Center
1994,19,DAL,Tony Dumas,Shooting
1994,20,PHI,B.J. Tyler,Point
1994,21,CHI,Dickey Simpkins,Power
1994,22,SAS,Bill Curley,Power
1994,23,PHO,Wesley Person,Shooting
1994,24,NYK,Monty Williams,Small
1994,25,LAC,Greg Minor,Shooting
1994,26,NYK,Charlie Ward,Point
1994,27,ORL,Brooks Thompson,Point
1994,28,DAL,Deon Thomas,Unknown
1994,29,PHO,Antonio Lang,Small
1994,30,MIN,Howard Eisley,Point
1994,31,ORL,Rodney Dent,Unknown
1994,32,WSB,Jim McIlvaine,Center
1994,33,PHI,Derrick Alston,Center
1994,34,ATL,Gaylon Nickerson,Shooting
1994,35,SAC,Michael Smith,Power
1994,36,BOS,Andrei Fetisov,Unknown
1994,37,SEA,Dontonio Wingfield,Small
1994,38,CHH,Darrin Hancock,Small
1994,39,GSW,Anthony Miller,Power
1994,40,MIA,Jeff Webster,Small
1994,41,IND,William Njoku,Unknown
1994,42,CLE,Gary Collier,Unknown
1994,43,POR,Shawnelle Scott,Center
1994,44,IND,Damon Bailey,Unknown
1994,45,GSW,Dwayne Morton,Point
1994,46,MIL,Voshon Lenard,Shooting
1994,47,UTA,Jamie Watson,Small
1994,48,DET,Jevon Crudup,Unknown
1994,49,CHI,Kris Bruton,Unknown
1994,50,PHO,Charles Claxton,Center
1994,51,SAC,Lawrence Funderburke,Power
1994,52,PHO,Anthony Goldwire,Point
1994,53,HOU,Albert Burditt,Unknown
1994,54,SEA,Željko Rebrača,Center
1995,1,GSW,Joe Smith,Power
1995,2,LAC,Antonio McDyess,Power
1995,3,PHI,Jerry Stackhouse,Shooting
1995,4,WSB,Rasheed Wallace,Power
1995,5,MIN,Kevin Garnett,Power
1995,6,VAN,Bryant Reeves,Center
1995,7,TOR,Damon Stoudamire,Point
1995,8,POR,Shawn Respert,Shooting
1995,9,NJN,Ed O'Bannon,Small
1995,10,MIA,Kurt Thomas,Power
1995,11,MIL,Gary Trent,Power
1995,12,DAL,Cherokee Parks,Center
1995,13,SAC,Corliss Williamson,Small
1995,14,BOS,Eric Williams,Small
1995,15,DEN,Brent Barry,Shooting
1995,16,ATL,Alan Henderson,Power
1995,17,CLE,Bob Sura,Shooting
1995,18,DET,Theo Ratliff,Center
1995,19,DET,Randolph Childress,Point
1995,20,CHI,Jason Caffey,Power
1995,21,PHO,Michael Finley,Small
1995,22,CHH,George Zídek,Center
1995,23,IND,Travis Best,Point
1995,24,DAL,Loren Meyer,Power
1995,25,ORL,David Vaughn,Power
1995,26,SEA,Sherell Ford,Small
1995,27,PHO,Mario Bennett,Power
1995,28,UTA,Greg Ostertag,Center
1995,29,SAS,Cory Alexander,Point
1995,30,DET,Lou Roe,Small
1995,31,CHI,Dragan Tarlać,Center
1995,32,WSB,Terrence Rencher,Point
1995,33,BOS,Junior Burrough,Power
1995,34,GSW,Andrew DeClercq,Center
1995,35,TOR,Jimmy King,Shooting
1995,36,VAN,Lawrence Moten,Shooting
1995,37,LAL,Frankie King,Shooting
1995,38,MIL,Rashard Griffith,Unknown
1995,39,CLE,Donny Marshall,Small
1995,40,GSW,Dwayne Whitfield,Power
1995,41,HOU,Erik Meek,Unknown
1995,42,ATL,Donnie Boyce,Shooting
1995,43,MIL,Eric Snow,Point
1995,44,DEN,Anthony Pelle,Unknown
1995,45,ATL,Troy Brown,Unknown
1995,46,MIA,George Banks,Unknown
1995,47,SAC,Tyus Edney,Point
1995,48,MIN,Mark Davis,Small
1995,49,MIN,Jerome Allen,Shooting
1995,50,GSW,Martin Lewis,Small
1995,51,SAC,Dejan Bodiroga,Unknown
1995,52,IND,Fred Hoiberg,Shooting
1995,53,LAC,Constantin Popa,Unknown
1995,54,SEA,Aurelijius Zukauskas,Unknown
1995,55,GSW,Michael McDonald,Center
1995,56,PHO,Chris Carr,Shooting
1995,57,ATL,Cuonzo Martin,Shooting
1995,58,DET,Don Reid,Power
1996,1,PHI,Allen Iverson,Shooting
1996,2,TOR,Marcus Camby,Center
1996,3,VAN,Shareef Abdur-Rahim,Power
1996,4,MIL,Stephon Marbury,Point
1996,5,MIN,Ray Allen,Shooting
1996,6,BOS,Antoine Walker,Power
1996,7,LAC,Lorenzen Wright,Center
1996,8,NJN,Kerry Kittles,Shooting
1996,9,DAL,Samaki Walker,Power
1996,10,IND,Erick Dampier,Center
1996,11,GSW,Todd Fuller,Center
1996,12,CLE,Vitaly Potapenko,Center
1996,13,CHH,Kobe Bryant,Shooting
1996,14,SAC,Peja Stojaković,Small
1996,15,PHO,Steve Nash,Point
1996,16,CHH,Tony Delk,Point
1996,17,POR,Jermaine O'Neal,Center
1996,18,NYK,John Wallace,Small
1996,19,NYK,Walter McCarty,Power
1996,20,CLE,Zydrunas Ilgauskas,Center
1996,21,NYK,Dontae' Jones,Small
1996,22,VAN,Roy Rogers,Power
1996,23,DEN,Efthimios Rentzias,Center
1996,24,LAL,Derek Fisher,Point
1996,25,UTA,Martin Müürsepp,Power
1996,26,DET,Jerome Williams,Power
1996,27,ORL,Brian Evans,Small
1996,28,ATL,Priest Lauderdale,Center
1996,29,CHI,Travis Knight,Center
1996,30,HOU,Othella Harrington,Power
1996,31,PHI,Mark Hendrickson,Power
1996,32,PHI,Ryan Minor,Unknown
1996,33,MIL,Moochie Norris,Point
1996,34,DAL,Shawn Harvey,Unknown
1996,35,SEA,Joseph Blair,Unknown
1996,36,LAC,Doron Sheffer,Unknown
1996,37,DEN,Jeff McInnis,Point
1996,38,BOS,Steve Hamer,Center
1996,39,PHO,Russ Millard,Unknown
1996,40,GSW,Marcus Mann,Unknown
1996,41,SAC,Jason Sasser,Small
1996,42,HOU,Randy Livingston,Point
1996,43,PHO,Ben Davis,Power
1996,44,CHH,Malik Rose,Power
1996,45,SEA,Joe Vogel,Unknown
1996,46,POR,Marcus Brown,Shooting
1996,47,SEA,Ron Riley,Unknown
1996,48,PHI,Jamie Feick,Center
1996,49,ORL,Amal McCaskill,Center
1996,50,HOU,Terrell Bell,Unknown
1996,51,VAN,Chris Robinson,Shooting
1996,52,IND,Mark Pope,Power
1996,53,MIL,Jeff Nordgaard,Power
1996,54,UTA,Shandon Anderson,Shooting
1996,55,WSB,Ronnie Henderson,Unknown
1996,56,CLE,Reggie Geary,Point
1996,57,SEA,Drew Barry,Point
1996,58,DAL,Darnell Robinson,Unknown
1997,1,SAS,Tim Duncan,Center
1997,2,PHI,Keith Van Horn,Small
1997,3,BOS,Chauncey Billups,Point
1997,4,VAN,Antonio Daniels,Point
1997,5,DEN,Tony Battie,Center
1997,6,BOS,Ron Mercer,Shooting
1997,7,NJN,Tim Thomas,Small
1997,8,GSW,Adonal Foyle,Center
1997,9,TOR,Tracy McGrady,Shooting
1997,10,MIL,Danny Fortson,Power
1997,11,SAC,Tariq Abdul-Wahad,Shooting
1997,12,IND,Austin Croshere,Power
1997,13,CLE,Derek Anderson,Shooting
1997,14,LAC,Maurice Taylor,Power
1997,15,DAL,Kelvin Cato,Center
1997,16,CLE,Brevin Knight,Point
1997,17,ORL,Johnny Taylor,Small
1997,18,POR,Chris Anstey,Center
1997,19,DET,Scot Pollard,Center
1997,20,MIN,Paul Grant,Center
1997,21,NJN,Anthony Parker,Shooting
1997,22,ATL,Ed Gray,Shooting
1997,23,SEA,Bobby Jackson,Point
1997,24,HOU,Rodrick Rhodes,Small
1997,25,NYK,John Thomas,Center
1997,26,MIA,Charles Smith,Shooting
1997,27,UTA,Jacque Vaughn,Point
1997,28,CHI,Keith Booth,Small
1997,29,HOU,Serge Zwikker,Unknown
1997,30,MIA,Mark Sanford,Unknown
1997,31,DET,Charles O'Bannon,Shooting
1997,32,DEN,James Cotton,Shooting
1997,33,PHI,Marko Milič,Shooting
1997,34,DAL,Bubba Wells,Shooting
1997,35,PHI,Kebu Stewart,Power
1997,36,PHI,James Collins,Shooting
1997,37,GSW,Marc Jackson,Center
1997,38,MIL,Jerald Honeycutt,Power
1997,39,SAC,Anthony Johnson,Point
1997,40,SEA,Eddie Elisma,Unknown
1997,41,DEN,Jason Lawson,Center
1997,42,PHO,Stephen Jackson,Small
1997,43,MIN,Gordon Malone,Unknown
1997,44,CLE,Cedric Henderson,Small
1997,45,WAS,God Shammgod,Point
1997,46,ORL,Eric Washington,Shooting
1997,47,POR,Alvin Williams,Point
1997,48,WAS,Predrag Drobnjak,Center
1997,49,ATL,Alain Digbeau,Unknown
1997,50,ATL,Chris Crawford,Power
1997,51,LAL,DeJuan Wheat,Point
1997,52,VAN,C.J. Bruton,Unknown
1997,53,LAL,Paul Rogers,Unknown
1997,54,SEA,Mark Blount,Center
1997,55,BOS,Ben Pepper,Unknown
1997,56,UTA,Nate Erdmann,Unknown
1997,57,CHI,Roberto Duenas,Unknown
1998,1,LAC,Michael Olowokandi,Center
1998,2,VAN,Mike Bibby,Point
1998,3,DEN,Raef LaFrentz,Center
1998,4,TOR,Antawn Jamison,Power
1998,5,GSW,Vince Carter,Shooting
1998,6,DAL,Robert Traylor,Center
1998,7,SAC,Jason Williams,Point
1998,8,PHI,Larry Hughes,Shooting
1998,9,MIL,Dirk Nowitzki,Power
1998,10,BOS,Paul Pierce,Small
1998,11,DET,Bonzi Wells,Shooting
1998,12,ORL,Michael Doleac,Center
1998,13,ORL,Keon Clark,Center
1998,14,HOU,Michael Dickerson,Shooting
1998,15,ORL,Matt Harpring,Small
1998,16,HOU,Bryce Drew,Point
1998,17,MIN,Rasho Nesterović,Center
1998,18,HOU,Mirsad Türkcan,Power
1998,19,MIL,Pat Garrity,Power
1998,20,ATL,Roshown McLeod,Small
1998,21,CHH,Ricky Davis,Shooting
1998,22,LAC,Brian Skinner,Power
1998,23,DEN,Tyronn Lue,Point
1998,24,SAS,Felipe López,Shooting
1998,25,IND,Al Harrington,Power
1998,26,LAL,Sam Jacobson,Point
1998,27,SEA,Vladimir Stepania,Center
1998,28,CHI,Corey Benjamin,Shooting
1998,29,UTA,Nazr Mohammed,Center
1998,30,DAL,Ansu Sesay,Small
1998,31,LAL,Ruben Patterson,Small
1998,32,SEA,Rashard Lewis,Small
1998,33,SEA,Jelani McCoy,Center
1998,34,CHI,Shammond Williams,Point
1998,35,DAL,Bruno Šundov,Center
1998,36,SAC,Jerome James,Center
1998,37,PHI,Casey Shaw,Center
1998,38,NYK,DeMarco Johnson,Power
1998,39,MIL,Rafer Alston,Point
1998,40,DET,Korleone Young,Small
1998,41,HOU,Cuttino Mobley,Shooting
1998,42,ORL,Miles Simon,Shooting
1998,43,WAS,Jahidi White,Center
1998,44,NYK,Sean Marks,Power
1998,45,LAL,Toby Bailey,Shooting
1998,46,MIN,Andrae Patterson,Power
1998,47,TOR,Tyson Wheeler,Point
1998,48,CLE,Ryan Stack,Power
1998,49,ATL,Cory Carr,Shooting
1998,50,CHH,Andrew Betts,Unknown
1998,51,MIA,Corey Brewer,Unknown
1998,52,SAS,Derrick Dial,Shooting
1998,53,DAL,Greg Buckner,Shooting
1998,54,DEN,Tremaine Fowlkes,Small
1998,55,DEN,Ryan Bowen,Small
1998,56,VAN,J.R. Henderson,Small
1998,57,UTA,Torraye Braggs,Power
1998,58,CHI,Maceo Baston,Power
1999,1,CHI,Elton Brand,Power
1999,2,VAN,Steve Francis,Point
1999,3,CHH,Baron Davis,Point
1999,4,LAC,Lamar Odom,Power
1999,5,TOR,Jonathan Bender,Small
1999,6,MIN,Wally Szczerbiak,Small
1999,7,WAS,Richard Hamilton,Shooting
1999,8,CLE,Andre Miller,Point
1999,9,PHO,Shawn Marion,Small
1999,10,ATL,Jason Terry,Shooting
1999,11,CLE,Trajan Langdon,Shooting
1999,12,TOR,Aleksandar Radojević,Center
1999,13,SEA,Corey Maggette,Small
1999,14,MIN,William Avery,Point
1999,15,NYK,Frederic Weis,Unknown
1999,16,CHI,Metta World Peace,Small
1999,17,ATL,Cal Bowdler,Small
1999,18,DEN,James Posey,Small
1999,19,UTA,Quincy Lewis,Shooting
1999,20,ATL,Dion Glover,Shooting
1999,21,GSW,Jeff Foster,Center
1999,22,HOU,Kenny Thomas,Power
1999,23,LAL,Devean George,Small
1999,24,UTA,Andrei Kirilenko,Small
1999,25,MIA,Tim James,Small
1999,26,IND,Vonteego Cummings,Point
1999,27,ATL,Jumaine Jones,Small
1999,28,UTA,Scott Padgett,Power
1999,29,SAS,Leon Smith,Center
1999,30,LAL,John Celestand,Point
1999,31,LAC,Rico Hill,Unknown
1999,32,CHI,Michael Ruffin,Power
1999,33,DEN,Chris Herren,Point
1999,34,NJN,Evan Eschmeyer,Center
1999,35,WAS,Calvin Booth,Center
1999,36,DAL,Wang Zhizhi,Center
1999,37,VAN,Obinna Ekezie,Power
1999,38,ORL,Laron Profit,Shooting
1999,39,CLE,A.J. Bramlett,Center
1999,40,DAL,Gordan Giriček,Shooting
1999,41,DEN,Francisco Elson,Center
1999,42,MIN,Louis Bullock,Unknown
1999,43,CHH,Lee Nailon,Small
1999,44,HOU,Tyrone Washington,Unknown
1999,45,SAC,Ryan Robertson,Shooting
1999,46,NYK,J.R. Koch,Unknown
1999,47,PHI,Todd MacCulloch,Center
1999,48,MIL,Galen Young,Unknown
1999,49,CHI,Lari Ketner,Power
1999,50,HOU,Venson Hamilton,Center
1999,51,VAN,Antwain Smith,Unknown
1999,52,POR,Roberto Bergersen,Unknown
1999,53,MIA,Rodney Buford,Small
1999,54,DET,Melvin Levett,Unknown
1999,55,BOS,Kris Clack,Unknown
1999,56,GSW,Tim Young,Center
1999,57,SAS,Manu Ginóbili,Shooting
1999,58,UTA,Eddie Lucas,Unknown
2000,1,NJN,Kenyon Martin,Power
2000,2,VAN,Stromile Swift,Power
2000,3,LAC,Darius Miles,Small
2000,4,CHI,Marcus Fizer,Power
2000,5,ORL,Mike Miller,Small
2000,6,ATL,DerMarr Johnson,Small
2000,7,CHI,Chris Mihm,Center
2000,8,CLE,Jamal Crawford,Shooting
2000,9,HOU,Joel Przybilla,Center
2000,10,ORL,Keyon Dooling,Point
2000,11,BOS,Jérôme Moïso,Center
2000,12,DAL,Etan Thomas,Center
2000,13,ORL,Courtney Alexander,Point
2000,14,DET,Mateen Cleaves,Point
2000,15,MIL,Jason Collier,Center
2000,16,SAC,Hedo Türkoğlu,Small
2000,17,SEA,Desmond Mason,Small
2000,18,LAC,Quentin Richardson,Small
2000,19,CHH,Jamaal Magloire,Center
2000,20,PHI,Speedy Claxton,Point
2000,21,TOR,Morris Peterson,Shooting
2000,22,NYK,Donnell Harvey,Power
2000,23,UTA,DeShawn Stevenson,Shooting
2000,24,CHI,Dalibor Bagarić,Center
2000,25,PHO,Jake Tsakalidis,Center
2000,26,DEN,Mamadou N'Diaye,Center
2000,27,IND,Primož Brezec,Center
2000,28,POR,Erick Barkley,Point
2000,29,LAL,Mark Madsen,Center
2000,30,LAC,Marko Jarić,Shooting
2000,31,DAL,Dan Langhi,Small
2000,32,CHI,A.J. Guyton,Point
2000,33,CHI,Jake Voskuhl,Center
2000,34,CHI,Khalid El-Amin,Point
2000,35,WAS,Mike Smith,Small
2000,36,NJN,Soumaila Samake,Center
2000,37,MIA,Eddie House,Shooting
2000,38,HOU,Eduardo Nájera,Power
2000,39,NYK,Lavor Postell,Shooting
2000,40,ATL,Hanno Möttölä,Small
2000,41,SAS,Chris Carrawell,Unknown
2000,42,SEA,Olumide Oyedeji,Center
2000,43,MIL,Michael Redd,Shooting
2000,44,DET,Brian Cardinal,Power
2000,45,SAC,Jabari Smith,Center
2000,46,TOR,DeeAndre Hulett,Unknown
2000,47,SEA,Josip Sesar,Unknown
2000,48,PHI,Mark Karcher,Unknown
2000,49,MIL,Jason Hart,Point
2000,50,UTA,Kaniel Dickens,Power
2000,51,MIN,Igor Rakočević,Point
2000,52,MIA,Ernest Brown,Center
2000,53,DEN,Dan McClintock,Center
2000,54,SAS,Corey Hightower,Unknown
2000,55,GSW,Chris Porter,Small
2000,56,IND,Jaquay Walls,Unknown
2000,57,ATL,Scoonie Penn,Unknown
2000,58,DAL,Pete Mickeal,Unknown
2001,1,WAS,Kwame Brown,Center
2001,2,LAC,Tyson Chandler,Center
2001,3,ATL,Pau Gasol,Center
2001,4,CHI,Eddy Curry,Center
2001,5,GSW,Jason Richardson,Shooting
2001,6,MEM,Shane Battier,Small
2001,7,NJN,Eddie Griffin,Power
2001,8,CLE,DeSagana Diop,Center
2001,9,DET,Rodney White,Small
2001,10,BOS,Joe Johnson,Shooting
2001,11,BOS,Kedrick Brown,Small
2001,12,SEA,Vladimir Radmanović,Power
2001,13,HOU,Richard Jefferson,Small
2001,14,GSW,Troy Murphy,Power
2001,15,ORL,Steven Hunter,Center
2001,16,CHH,Kirk Haston,Small
2001,17,TOR,Michael Bradley,Power
2001,18,HOU,Jason Collins,Center
2001,19,POR,Zach Randolph,Power
2001,20,CLE,Brendan Haywood,Center
2001,21,BOS,Joseph Forte,Shooting
2001,22,ORL,Jeryl Sasser,Shooting
2001,23,HOU,Brandon Armstrong,Shooting
2001,24,UTA,Raül López,Point
2001,25,SAC,Gerald Wallace,Small
2001,26,PHI,Samuel Dalembert,Center
2001,27,MEM,Jamaal Tinsley,Point
2001,28,SAS,Tony Parker,Point
2001,30,CHI,Trenton Hassell,Shooting
2001,31,GSW,Gilbert Arenas,Point
2001,32,ORL,Omar Cook,Point
2001,33,MEM,Will Solomon,Point
2001,34,ATL,Terence Morris,Small
2001,35,NJN,Brian Scalabrine,Power
2001,36,CLE,Jeff Trepagnier,Shooting
2001,37,PHI,Damone Brown,Small
2001,38,DET,Mehmet Okur,Center
2001,39,NYK,Michael Wright,Unknown
2001,40,SEA,Earl Watson,Point
2001,41,IND,Jamison Brewer,Point
2001,42,SEA,Bobby Simmons,Small
2001,43,NYK,Eric Chenowith,Unknown
2001,44,DAL,Kyle Hill,Unknown
2001,45,CHI,Sean Lampley,Small
2001,46,MIN,Loren Woods,Center
2001,47,DEN,Ousmane Cisse,Unknown
2001,48,MEM,Antonis Fotsis,Power
2001,49,MIA,Ken Johnson,Center
2001,50,POR,Ruben Boumtje-Boumtje,Center
2001,51,PHO,Alton Ford,Power
2001,52,MIL,Andre Hutson,Unknown
2001,53,UTA,Jarron Collins,Center
2001,54,DAL,Kenny Satterfield,Point
2001,55,SAC,Maurice Jeffers,Unknown
2001,56,SAS,Robertas Javtokas,Center
2001,57,PHI,Alvin Jones,Center
2001,58,SAS,Bryan Bracey,Unknown
2002,1,HOU,Yao Ming,Center
2002,2,CHI,Jay Williams,Point
2002,3,GSW,Mike Dunleavy,Small
2002,4,MEM,Drew Gooden,Power
2002,5,DEN,Nikoloz Tskitishvili,Power
2002,6,CLE,Dajuan Wagner,Shooting
2002,7,NYK,Nenê,Center
2002,8,LAC,Chris Wilcox,Center
2002,9,PHO,Amar'e Stoudemire,Power
2002,10,MIA,Caron Butler,Small
2002,11,WAS,Jared Jeffries,Power
2002,12,LAC,Melvin Ely,Center
2002,13,MIL,Marcus Haislip,Power
2002,14,IND,Fred Jones,Shooting
2002,15,HOU,Boštjan Nachbar,Small
2002,16,PHI,Jiří Welsch,Small
2002,17,WAS,Juan Dixon,Shooting
2002,18,ORL,Curtis Borchardt,Center
2002,19,UTA,Ryan Humphrey,Power
2002,20,TOR,Kareem Rush,Shooting
2002,21,POR,Qyntel Woods,Small
2002,22,PHO,Casey Jacobsen,Small
2002,23,DET,Tayshaun Prince,Small
2002,24,NJN,Nenad Krstić,Center
2002,25,DEN,Frank Williams,Point
2002,26,SAS,John Salmons,Shooting
2002,27,LAL,Chris Jefferies,Small
2002,28,SAC,Dan Dickau,Point
2002,30,GSW,Steve Logan,Unknown
2002,31,CHI,Roger Mason,Shooting
2002,32,MEM,Robert Archibald,Power
2002,33,DEN,Vincent Yarbrough,Shooting
2002,34,MIL,Dan Gadzuric,Center
2002,35,CLE,Carlos Boozer,Power
2002,36,NYK,Milos Vujanic,Unknown
2002,37,ATL,David Andersen,Power
2002,38,HOU,Tito Maddox,Shooting
2002,39,WAS,Rod Grizzard,Unknown
2002,40,WAS,Juan Carlos Navarro,Shooting
2002,41,LAC,Mario Kasun,Center
2002,42,MIL,Ronald Murray,Shooting
2002,43,POR,Jason Jennings,Unknown
2002,44,CHI,Lonny Baxter,Power
2002,45,PHI,Sam Clancy,Unknown
2002,46,MEM,Matt Barnes,Small
2002,47,UTA,Jamal Sampson,Power
2002,48,MIL,Chris Owens,Small
2002,49,SEA,Peter Fehse,Unknown
2002,50,BOS,Darius Songaila,Power
2002,51,POR,Federico Kammerichs,Forward
2002,52,MIN,Marcus Taylor,Unknown
2002,53,MIA,Rasual Butler,Small
2002,54,NJN,Tamar Slay,Shooting
2002,55,DAL,Mladen Sekularac,Unknown
2002,56,SAS,Luis Scola,Power
2002,57,SAS,Randy Holcomb,Small
2002,58,SAC,Corsley Edwards,Center
2003,1,CLE,LeBron James,Small
2003,2,DET,Darko Miličić,Center
2003,3,DEN,Carmelo Anthony,Small
2003,4,TOR,Chris Bosh,Center
2003,5,MIA,Dwyane Wade,Shooting
2003,6,LAC,Chris Kaman,Center
2003,7,CHI,Kirk Hinrich,Point
2003,8,MIL,T.J. Ford,Point
2003,9,NYK,Mike Sweetney,Center
2003,10,WAS,Jarvis Hayes,Small
2003,11,GSW,Mickaël Piétrus,Small
2003,12,SEA,Nick Collison,Power
2003,13,MEM,Marcus Banks,Point
2003,14,SEA,Luke Ridnour,Point
2003,15,ORL,Reece Gaines,Point
2003,16,BOS,Troy Bell,Point
2003,17,PHO,Žarko Čabarkapa,Power
2003,18,NOH,David West,Power
2003,19,UTA,Sasha Pavlović,Shooting
2003,20,BOS,Dahntay Jones,Small
2003,21,ATL,Boris Diaw,Power
2003,22,NJN,Zoran Planinić,Point
2003,23,POR,Travis Outlaw,Small
2003,24,LAL,Brian Cook,Power
2003,25,DET,Carlos Delfino,Small
2003,26,MIN,Ndudi Ebi,Shooting
2003,27,MEM,Kendrick Perkins,Center
2003,28,SAS,Leandro Barbosa,Shooting
2003,29,DAL,Josh Howard,Small
2003,30,NYK,Maciej Lampe,Center
2003,31,CLE,Jason Kapono,Small
2003,32,LAL,Luke Walton,Small
2003,33,MIA,Jerome Beasley,Power
2003,34,LAC,Sofoklis Schortsanitis,Center
2003,35,MIL,Szymon Szewczyk,Forward/Center
2003,36,CHI,Mario Austin,Forward/Center
2003,37,ATL,Travis Hansen,Small
2003,38,WAS,Steve Blake,Point
2003,39,NYK,Slavko Vraneš,Center
2003,40,GSW,Derrick Zimmerman,Point
2003,41,SEA,Willie Green,Shooting
2003,42,ORL,Zaza Pachulia,Center
2003,43,MIL,Keith Bogans,Shooting
2003,44,HOU,Malick Badiane,Unknown
2003,45,CHI,Matt Bonner,Power
2003,46,DEN,Sani Bečirovič,Guard
2003,47,UTA,Mo Williams,Point
2003,48,NOH,James Lang,Center
2003,49,IND,James Jones,Small
2003,50,PHI,Paccelis Morlende,Guard
2003,51,NJN,Kyle Korver,Shooting
2003,52,TOR,Ramon Van de Hare,Unknown
2003,53,CHI,Tommy Smith,Unknown
2003,54,POR,Nedžad Sinanović,Center
2003,55,MIN,Rick Rickert,Unknown
2003,56,BOS,Brandon Hunter,Power
2003,57,DAL,Xue Yuyang,Forward/Center
2003,58,DET,Andreas Glyniadakis,Center
2004,1,ORL,Dwight Howard,Center
2004,2,CHA,Emeka Okafor,Center
2004,3,CHI,Ben Gordon,Shooting
2004,4,LAC,Shaun Livingston,Point
2004,5,WAS,Devin Harris,Point
2004,6,ATL,Josh Childress,Small
2004,7,PHO,Luol Deng,Small
2004,8,TOR,Rafael Araújo,Center
2004,9,PHI,Andre Iguodala,Small
2004,10,CLE,Luke Jackson,Small
2004,11,GSW,Andris Biedriņš,Center
2004,12,SEA,Robert Swift,Center
2004,13,POR,Sebastian Telfair,Point
2004,14,UTA,Kris Humphries,Power
2004,15,BOS,Al Jefferson,Center
2004,16,UTA,Kirk Snyder,Shooting
2004,17,ATL,Josh Smith,Power
2004,18,NOH,J.R. Smith,Shooting
2004,19,MIA,Dorell Wright,Small
2004,20,DEN,Jameer Nelson,Point
2004,21,UTA,Pavel Podkolzin,Center
2004,22,NJN,Viktor Khryapa,Small
2004,23,POR,Sergei Monia,Small
2004,24,BOS,Delonte West,Point
2004,25,BOS,Tony Allen,Shooting
2004,26,SAC,Kevin Martin,Shooting
2004,27,LAL,Sasha Vujačić,Shooting
2004,28,SAS,Beno Udrih,Point
2004,29,IND,David Harrison,Center
2004,30,ORL,Anderson Varejão,Center
2004,31,CHI,Jackson Vroman,Power
2004,32,WAS,Peter John Ramos,Center
2004,33,LAC,Lionel Chalmers,Point
2004,34,ATL,Donta Smith,Shooting
2004,35,SEA,Andre Emmett,Shooting
2004,36,ORL,Antonio Burks,Point
2004,37,ATL,Royal Ivey,Shooting
2004,38,CHI,Chris Duhon,Point
2004,39,TOR,Albert Miralles,Center
2004,40,BOS,Justin Reed,Small
2004,41,SEA,David Young,Unknown
2004,42,ATL,Viktor Sanikidze,Forward
2004,43,NYK,Trevor Ariza,Small
2004,44,NOH,Tim Pickett,Unknown
2004,45,CHA,Bernard Robinson,Shooting
2004,46,POR,Ha Seung-Jin,Center
2004,47,MIA,Pape Sow,Center
2004,48,SAC,Ricky Minard,Unknown
2004,49,MEM,Sergei Lishouk,Center/Forward
2004,50,DAL,Vassilis Spanoulis,Shooting
2004,51,NJN,Christian Drejer,Unknown
2004,52,SAS,Romain Sato,Unknown
2004,53,MIA,Matt Freije,Power
2004,54,DET,Rickey Paulding,Unknown
2004,55,HOU,Luis Flores,Point
2004,56,LAL,Marcus Douthit,Unknown
2004,57,SAS,Sergei Karaulov,Center
2004,58,MIN,Blake Stepp,Unknown
2004,59,IND,Rashad Wright,Unknown
2005,1,MIL,Andrew Bogut,Center
2005,2,ATL,Marvin Williams,Power
2005,3,UTA,Deron Williams,Point
2005,4,NOH,Chris Paul,Point
2005,5,CHA,Raymond Felton,Point
2005,6,POR,Martell Webster,Small
2005,7,TOR,Charlie Villanueva,Power
2005,8,NYK,Channing Frye,Center
2005,9,GSW,Ike Diogu,Power
2005,10,LAL,Andrew Bynum,Center
2005,11,ORL,Fran Vázquez,Unknown
2005,12,LAC,Yaroslav Korolev,Small
2005,13,CHA,Sean May,Power
2005,14,MIN,Rashad McCants,Shooting
2005,15,NJN,Antoine Wright,Shooting
2005,16,TOR,Joey Graham,Small
2005,17,IND,Danny Granger,Small
2005,18,BOS,Gerald Green,Shooting
2005,19,MEM,Hakim Warrick,Power
2005,20,DEN,Julius Hodge,Shooting
2005,21,PHO,Nate Robinson,Point
2005,22,DEN,Jarrett Jack,Point
2005,23,SAC,Francisco García,Small
2005,24,HOU,Luther Head,Shooting
2005,25,SEA,Johan Petro,Center
2005,26,DET,Jason Maxiell,Power
2005,27,POR,Linas Kleiza,Small
2005,28,SAS,Ian Mahinmi,Center
2005,29,MIA,Wayne Simien,Power
2005,30,NYK,David Lee,Power
2005,31,ATL,Salim Stoudamire,Shooting
2005,32,LAC,Daniel Ewing,Shooting
2005,33,NOH,Brandon Bass,Power
2005,34,UTA,C.J. Miles,Small
2005,35,POR,Ricky Sánchez,Forward/Center
2005,36,MIL,Ersan İlyasova,Power
2005,37,LAL,Ronny Turiaf,Center
2005,38,ORL,Travis Diener,Point
2005,39,LAL,Von Wafer,Shooting
2005,40,GSW,Monta Ellis,Shooting
2005,41,TOR,Roko Ukić,Point
2005,42,GSW,Chris Taft,Center
2005,43,NJN,Mile Ilić,Center
2005,44,ORL,Martynas Andriuškevičius,Center
2005,45,PHI,Lou Williams,Shooting
2005,46,IND,Erazem Lorbek,Forward
2005,47,MIN,Bracey Wright,Shooting
2005,48,SEA,Mickaël Gelabale,Small
2005,49,WAS,Andray Blatche,Power
2005,50,BOS,Ryan Gomes,Small
2005,51,UTA,Robert Whaley,Center
2005,52,DEN,Axel Hervelle,Forward
2005,53,BOS,Orien Greene,Shooting
2005,54,NYK,Dijon Thompson,Shooting
2005,55,SEA,Lawrence Roberts,Power
2005,56,DET,Amir Johnson,Power
2005,57,PHO,Marcin Gortat,Center
2005,58,TOR,Uroš Slokar,Center
2005,59,ATL,Cenk Akyol,Guard
2005,60,DET,Alex Acker,Shooting
2006,1,TOR,Andrea Bargnani,Power
2006,2,CHI,LaMarcus Aldridge,Power
2006,3,CHA,Adam Morrison,Small
2006,4,POR,Tyrus Thomas,Power
2006,5,ATL,Shelden Williams,Power
2006,6,MIN,Brandon Roy,Shooting
2006,7,BOS,Randy Foye,Shooting
2006,8,HOU,Rudy Gay,Small
2006,9,GSW,Patrick O'Bryant,Center
2006,10,SEA,Mouhamed Sene,Center
2006,11,ORL,J.J. Redick,Shooting
2006,12,NOK,Hilton Armstrong,Center
2006,13,PHI,Thabo Sefolosha,Shooting
2006,14,UTA,Ronnie Brewer,Shooting
2006,15,NOK,Cedric Simmons,Power
2006,16,CHI,Rodney Carney,Small
2006,17,IND,Shawne Williams,Small
2006,18,WAS,Oleksiy Pecherov,Center
2006,19,SAC,Quincy Douby,Point
2006,20,NYK,Renaldo Balkman,Small
2006,21,PHO,Rajon Rondo,Point
2006,22,NJN,Marcus Williams,Point
2006,23,NJN,Josh Boone,Power
2006,24,MEM,Kyle Lowry,Point
2006,25,CLE,Shannon Brown,Shooting
2006,26,LAL,Jordan Farmar,Point
2006,27,PHO,Sergio Rodríguez,Point
2006,28,DAL,Maurice Ager,Shooting
2006,29,NYK,Mardy Collins,Shooting
2006,30,POR,Joel Freeland,Center
2006,31,POR,James White,Small
2006,32,HOU,Steve Novak,Small
2006,33,ATL,Solomon Jones,Power
2006,34,LAC,Paul Davis,Power
2006,35,TOR,P.J. Tucker,Small
2006,36,MIN,Craig Smith,Power
2006,37,MIN,Bobby Jones,Small
2006,38,GSW,Kosta Perović,Center
2006,39,MIL,David Noel,Power
2006,40,SEA,Denham Brown,Unknown
2006,41,ORL,James Augustine,Power
2006,42,CLE,Daniel Gibson,Point
2006,43,NOK,Marcus Vinicius,Small
2006,44,ORL,Lior Eliyahu,Forward
2006,45,IND,Alexander Johnson,Power
2006,46,UTA,Dee Brown,Point
2006,47,UTA,Paul Millsap,Power
2006,48,WAS,Vladimir Veremeenko,Forward
2006,49,DEN,Leon Powe,"Center,"
2006,50,CHA,Ryan Hollins,Center
2006,51,LAL,Cheikh Samb,Center
2006,52,LAC,Guillermo Díaz,Shooting
2006,53,SEA,Yotam Halperin,Guard
2006,54,NJN,Hassan Adams,Shooting
2006,55,CLE,Ejike Ugboaja,Forward
2006,56,TOR,Edin Bavčić,Center/Forward
2006,57,MIN,Loukas Mavrokefalidis,Unknown
2006,58,DAL,J.R. Pinnock,Unknown
2006,59,SAS,Damir Markota,Power
2006,60,DET,Will Blalock,Point
2007,1,POR,Greg Oden,Center
2007,2,SEA,Kevin Durant,Small
2007,3,ATL,Al Horford,Center
2007,4,MEM,Mike Conley,Point
2007,5,BOS,Jeff Green,Power
2007,6,MIL,Yi Jianlian,Power
2007,7,MIN,Corey Brewer,Small
2007,8,CHA,Brandan Wright,Power
2007,9,CHI,Joakim Noah,Center
2007,10,SAC,Spencer Hawes,Center
2007,11,ATL,Acie Law,Point
2007,12,PHI,Thaddeus Young,Power
2007,13,NOK,Julian Wright,Small
2007,14,LAC,Al Thornton,Small
2007,15,DET,Rodney Stuckey,Point
2007,16,WAS,Nick Young,Shooting
2007,17,NJN,Sean Williams,Center
2007,18,GSW,Marco Belinelli,Shooting
2007,19,LAL,Javaris Crittenton,Shooting
2007,20,MIA,Jason Smith,Center
2007,21,PHI,Daequan Cook,Shooting
2007,22,CHA,Jared Dudley,Power
2007,23,NYK,Wilson Chandler,Small
2007,24,PHO,Rudy Fernández,Shooting
2007,25,UTA,Morris Almond,Shooting
2007,26,HOU,Aaron Brooks,Point
2007,27,DET,Arron Afflalo,Shooting
2007,28,SAS,Tiago Splitter,Center
2007,29,PHO,Alando Tucker,Small
2007,30,PHI,Petteri Koponen,Guard
2007,31,SEA,Carl Landry,Power
2007,32,BOS,Gabe Pruitt,Shooting
2007,33,SAS,Marcus Williams,Power
2007,34,DAL,Nick Fazekas,Power
2007,35,SEA,Glen Davis,Power
2007,36,GSW,Jermareo Davidson,Small
2007,37,POR,Josh McRoberts,Power
2007,38,PHI,Kyrylo Fesenko,Center
2007,39,MIA,Stanko Barać,Center
2007,40,LAL,Sun Yue,Shooting
2007,41,MIN,Chris Richard,Power
2007,42,POR,Derrick Byars,Power
2007,43,NOK,Adam Haluska,Unknown
2007,44,ORL,Reyshawn Terry,Unknown
2007,45,LAC,Jared Jordan,Unknown
2007,46,GSW,Stéphane Lasme,Small
2007,47,WAS,Dominic McGuire,Small
2007,48,LAL,Marc Gasol,Center
2007,49,CHI,Aaron Gray,Center
2007,50,DAL,Renaldas Seibutis,Guard
2007,51,CHI,JamesOn Curry,Point
2007,52,POR,Taurean Green,Shooting
2007,53,POR,Demetris Nichols,Small
2007,54,HOU,Brad Newley,Forward/Guard
2007,55,UTA,Herbert Hill,Unknown
2007,56,MIL,Ramon Sessions,Point
2007,57,DET,Sammy Mejia,Unknown
2007,58,SAS,Georgios Printezis,Forward
2007,59,PHO,D.J. Strawberry,Shooting
2007,60,DAL,Milovan Raković,Center
2008,1,CHI,Derrick Rose,Point
2008,2,MIA,Michael Beasley,Power
2008,3,MIN,O.J. Mayo,Shooting
2008,4,SEA,Russell Westbrook,Point
2008,5,MEM,Kevin Love,Power
2008,6,NYK,Danilo Gallinari,Small
2008,7,LAC,Eric Gordon,Shooting
2008,8,MIL,Joe Alexander,Small
2008,9,CHA,D.J. Augustin,Point
2008,10,NJN,Brook Lopez,Center
2008,11,IND,Jerryd Bayless,Point
2008,12,SAC,Jason Thompson,Power
2008,13,POR,Brandon Rush,Shooting
2008,14,GSW,Anthony Randolph,Power
2008,15,PHO,Robin Lopez,Center
2008,16,PHI,Marreese Speights,Center
2008,17,TOR,Roy Hibbert,Center
2008,18,WAS,JaVale McGee,Center
2008,19,CLE,J.J. Hickson,Center
2008,20,CHA,Alexis Ajinça,Center
2008,21,NJN,Ryan Anderson,Power
2008,22,ORL,Courtney Lee,Shooting
2008,23,UTA,Kosta Koufos,Center
2008,24,SEA,Serge Ibaka,Power
2008,25,HOU,Nicolas Batum,Small
2008,26,SAS,George Hill,Point
2008,27,NOH,Darrell Arthur,Power
2008,28,MEM,Donté Greene,Small
2008,29,DET,D.J. White,Power
2008,30,BOS,J.R. Giddens,Small
2008,31,MIN,Nikola Peković,Center
2008,32,SEA,Walter Sharpe,Power
2008,33,POR,Joey Dorsey,Power
2008,34,MIN,Mario Chalmers,Point
2008,35,LAC,DeAndre Jordan,Center
2008,36,POR,Ömer Aşık,Center
2008,37,MIL,Luc Mbah a Moute,Power
2008,38,CHA,Kyle Weaver,Shooting
2008,39,CHI,Sonny Weems,Shooting
2008,40,NJN,Chris Douglas-Roberts,Shooting
2008,41,IND,Nathan Jawai,Power
2008,42,SAC,Sean Singletary,Point
2008,43,SAC,Patrick Ewing,Small
2008,44,UTA,Ante Tomić,Center
2008,45,SAS,Goran Dragić,Point
2008,46,SEA,Trent Plaisted,Unknown
2008,47,WAS,Henry Walker,Shooting
2008,48,PHO,Malik Hairston,Shooting
2008,49,GSW,Richard Hendrix,Unknown
2008,50,SEA,DeVon Hardin,Center
2008,51,DAL,Shan Foster,Unknown
2008,52,MIA,Darnell Jackson,Power
2008,53,UTA,Tadija Dragićević,Forward
2008,54,HOU,Maarty Leunen,Forward
2008,55,POR,Mike Taylor,Point
2008,56,SEA,Sasha Kaun,Center
2008,57,SAS,James Gist,Unknown
2008,58,LAL,Joe Crawford,Small
2008,59,DET,Deron Washington,Unknown
2008,60,BOS,Semih Erden,Center
2009,1,LAC,Blake Griffin,Power
2009,2,MEM,Hasheem Thabeet,Center
2009,3,OKC,James Harden,Shooting
2009,4,SAC,Tyreke Evans,Shooting
2009,5,MIN,Ricky Rubio,Point
2009,6,MIN,Jonny Flynn,Point
2009,7,GSW,Stephen Curry,Point
2009,8,NYK,Jordan Hill,Center
2009,9,TOR,DeMar DeRozan,Shooting
2009,10,MIL,Brandon Jennings,Point
2009,11,NJN,Terrence Williams,Shooting
2009,12,CHA,Gerald Henderson,Shooting
2009,13,IND,Tyler Hansbrough,Power
2009,14,PHO,Earl Clark,Power
2009,15,DET,Austin Daye,Small
2009,16,CHI,James Johnson,Power
2009,17,PHI,Jrue Holiday,Point
2009,18,MIN,Ty Lawson,Point
2009,19,ATL,Jeff Teague,Point
2009,20,UTA,Eric Maynor,Point
2009,21,NOH,Darren Collison,Point
2009,22,POR,Victor Claver,Small
2009,23,SAC,Omri Casspi,Small
2009,24,DAL,Byron Mullens,Power
2009,25,OKC,Rodrigue Beaubois,Point
2009,26,CHI,Taj Gibson,Power
2009,27,MEM,DeMarre Carroll,Small
2009,28,MIN,Wayne Ellington,Shooting
2009,29,LAL,Toney Douglas,Point
2009,30,CLE,Christian Eyenga,Small
2009,31,SAC,Jeff Ayres,Power
2009,32,WAS,Jermaine Taylor,Shooting
2009,33,POR,Dante Cunningham,Power
2009,34,DEN,Sergio Llull,Guard
2009,35,DET,DaJuan Summers,Small
2009,36,MEM,Sam Young,Small
2009,37,SAS,DeJuan Blair,Power
2009,38,POR,Jon Brockman,Power
2009,39,DET,Jonas Jerebko,Power
2009,40,CHA,Derrick Brown,Small
2009,41,MIL,Jodie Meeks,Shooting
2009,42,LAL,Patrick Beverley,Point
2009,43,MIA,Marcus Thornton,Shooting
2009,44,DET,Chase Budinger,Small
2009,45,MIN,Nick Calathes,Shooting
2009,46,CLE,Danny Green,Shooting
2009,47,MIN,Henk Norel,Forward/Center
2009,48,PHO,Taylor Griffin,Small
2009,49,ATL,Sergiy Gladyr,Guard
2009,50,UTA,Goran Suton,Unknown
2009,51,SAS,Jack McClinton,Unknown
2009,52,IND,A.J. Price,Point
2009,53,SAS,Nando De Colo,Small
2009,54,CHA,Robert Vaden,Unknown
2009,55,POR,Patty Mills,Point
2009,56,DAL,Ahman Nivins,Unknown
2009,57,PHO,Emir Preldžić,Forward/Guard
2009,58,BOS,Lester Hudson,Point
2009,59,LAL,Chinemelu Elonu,Center/Forward
2009,60,MIA,Robert Dozier,Unknown
2010,1,WAS,John Wall,Point
2010,2,PHI,Evan Turner,Small
2010,3,NJN,Derrick Favors,Power
2010,4,MIN,Wesley Johnson,Small
2010,5,SAC,DeMarcus Cousins,Center
2010,6,GSW,Ekpe Udoh,Center
2010,7,DET,Greg Monroe,Center
2010,8,LAC,Al-Farouq Aminu,Small
2010,9,UTA,Gordon Hayward,Small
2010,10,IND,Paul George,Small
2010,11,NOH,Cole Aldrich,Center
2010,12,MEM,Xavier Henry,Small
2010,13,TOR,Ed Davis,Power
2010,14,HOU,Patrick Patterson,Power
2010,15,MIL,Larry Sanders,Center
2010,16,MIN,Luke Babbitt,Small
2010,17,CHI,Kevin Séraphin,Center
2010,18,OKC,Eric Bledsoe,Point
2010,19,BOS,Avery Bradley,Shooting
2010,20,SAS,James Anderson,Shooting
2010,21,OKC,Craig Brackins,Power
2010,22,POR,Elliot Williams,Shooting
2010,23,MIN,Trevor Booker,Power
2010,24,ATL,Damion James,Small
2010,25,MEM,Dominique Jones,Shooting
2010,26,OKC,Quincy Pondexter,Small
2010,27,NJN,Jordan Crawford,Shooting
2010,28,MEM,Greivis Vásquez,Point
2010,29,ORL,Daniel Orton,Center
2010,30,WAS,Lazar Hayward,Small
2010,31,NJN,Tibor Pleiß,Center
2010,32,MIA,Dexter Pittman,Center
2010,33,SAC,Hassan Whiteside,Center
2010,34,POR,Armon Johnson,Point
2010,35,WAS,Nemanja Bjelica,Power
2010,36,DET,Terrico White,Unknown
2010,37,MIL,Darington Hobson,Shooting
2010,38,NYK,Andy Rautins,Shooting
2010,39,NYK,Landry Fields,Small
2010,40,IND,Lance Stephenson,Shooting
2010,41,MIA,Jarvis Varnado,Power
2010,42,MIA,Da'Sean Butler,Unknown
2010,43,LAL,Devin Ebanks,Shooting
2010,44,MIL,Jerome Jordan,Center
2010,45,MIN,Paulão Prestes,Center
2010,46,PHO,Gani Lawal,Power
2010,47,MIL,Tiny Gallon,Unknown
2010,48,MIA,Latavious Williams,Forward
2010,49,SAS,Ryan Richards,Forward/Center
2010,50,DAL,Solomon Alabi,Center
2010,51,OKC,Magnum Rolle,Unknown
2010,52,BOS,Luke Harangody,Power
2010,53,ATL,Pape Sy,Small
2010,54,LAC,Willie Warren,Point
2010,55,UTA,Jeremy Evans,Small
2010,56,MIN,Hamady N'Diaye,Center
2010,57,IND,Ryan Reid,Power
2010,58,LAL,Derrick Caracter,Center
2010,59,ORL,Stanley Robinson,Unknown
2010,60,PHO,Dwayne Collins,Forward
2011,1,CLE,Kyrie Irving,Point
2011,2,MIN,Derrick Williams,Power
2011,3,UTA,Enes Kanter,Center
2011,4,CLE,Tristan Thompson,Power
2011,5,TOR,Jonas Valančiūnas,Center
2011,6,WAS,Jan Veselý,Power
2011,7,SAC,Bismack Biyombo,Center
2011,8,DET,Brandon Knight,Point
2011,9,CHA,Kemba Walker,Point
2011,10,MIL,Jimmer Fredette,Shooting
2011,11,GSW,Klay Thompson,Shooting
2011,12,UTA,Alec Burks,Shooting
2011,13,PHO,Markieff Morris,Power
2011,14,HOU,Marcus Morris,Power
2011,15,IND,Kawhi Leonard,Small
2011,16,PHI,Nikola Vučević,Center
2011,17,NYK,Iman Shumpert,Shooting
2011,18,WAS,Chris Singleton,Small
2011,19,CHA,Tobias Harris,Power
2011,20,MIN,Donatas Motiejūnas,Power
2011,21,POR,Nolan Smith,Point
2011,22,DEN,Kenneth Faried,Power
2011,23,HOU,Nikola Mirotić,Power
2011,24,OKC,Reggie Jackson,Point
2011,25,BOS,MarShon Brooks,Shooting
2011,26,DAL,Jordan Hamilton,Small
2011,27,NJN,JaJuan Johnson,Power
2011,28,CHI,Norris Cole,Point
2011,29,SAS,Cory Joseph,Point
2011,30,CHI,Jimmy Butler,Shooting
2011,31,MIA,Bojan Bogdanović,Small
2011,32,CLE,Justin Harper,Power
2011,33,DET,Kyle Singler,Small
2011,34,WAS,Shelvin Mack,Point
2011,35,SAC,Tyler Honeycutt,Small
2011,36,NJN,Jordan Williams,Center
2011,37,LAC,Trey Thompkins,Center
2011,38,HOU,Chandler Parsons,Small
2011,39,CHA,Jeremy Tyler,Center
2011,40,MIL,Jon Leuer,Power
2011,41,LAL,Darius Morris,Point
2011,42,IND,Dāvis Bertāns,Power
2011,43,CHI,Malcolm Lee,Shooting
2011,44,GSW,Charles Jenkins,Point
2011,45,NOH,Josh Harrellson,Center
2011,46,LAL,Andrew Goudelock,Shooting
2011,47,LAC,Travis Leslie,Shooting
2011,48,ATL,Keith Benson,Center
2011,49,MEM,Josh Selby,Point
2011,50,PHI,Lavoy Allen,Power
2011,51,POR,Jon Diebler,Guard
2011,52,DET,Vernon Macklin,Center
2011,53,ORL,DeAndre Liggins,Shooting
2011,54,CLE,Milan Mačvan,Forward/Center
2011,55,BOS,E'Twaun Moore,Shooting
2011,56,LAL,Chukwudiebere Maduabum,Forward
2011,57,DAL,Tanguy Ngombo,Unknown
2011,58,LAL,Ater Majok,Forward/Center
2011,59,SAS,Ádám Hanga,Guard
2011,60,SAC,Isaiah Thomas,Point
2012,1,NOH,Anthony Davis,Power
2012,2,CHA,Michael Kidd-Gilchrist,Small
2012,3,WAS,Bradley Beal,Shooting
2012,4,CLE,Dion Waiters,Shooting
2012,5,SAC,Thomas Robinson,Power
2012,6,POR,Damian Lillard,Point
2012,7,GSW,Harrison Barnes,Small
2012,8,TOR,Terrence Ross,Shooting
2012,9,DET,Andre Drummond,Center
2012,10,NOH,Austin Rivers,Shooting
2012,11,POR,Meyers Leonard,Center
2012,12,HOU,Jeremy Lamb,Shooting
2012,13,PHO,Kendall Marshall,Point
2012,14,MIL,John Henson,Center
2012,15,PHI,Maurice Harkless,Small
2012,16,HOU,Royce White,Power
2012,17,DAL,Tyler Zeller,Center
2012,18,HOU,Terrence Jones,Power
2012,19,ORL,Andrew Nicholson,Power
2012,20,DEN,Evan Fournier,Shooting
2012,21,BOS,Jared Sullinger,Power
2012,22,BOS,Fab Melo,Center
2012,23,ATL,John Jenkins,Shooting
2012,24,CLE,Jared Cunningham,Shooting
2012,25,MEM,Tony Wroten,Point
2012,26,IND,Miles Plumlee,Center
2012,27,MIA,Arnett Moultrie,Power
2012,28,OKC,Perry Jones,Small
2012,29,CHI,Marquis Teague,Shooting
2012,30,GSW,Festus Ezeli,Center
2012,31,CHA,Jeff Taylor,Small
2012,32,WAS,Tomáš Satoranský,Shooting
2012,33,CLE,Bernard James,Center
2012,34,CLE,Jae Crowder,Small
2012,35,GSW,Draymond Green,Power
2012,36,SAC,Orlando Johnson,Shooting
2012,37,TOR,Quincy Acy,Power
2012,38,DEN,Quincy Miller,Power
2012,39,DET,Khris Middleton,Small
2012,40,POR,Will Barton,Shooting
2012,41,POR,Tyshawn Taylor,Point
2012,42,MIL,Doron Lamb,Shooting
2012,43,ATL,Mike Scott,Power
2012,44,DET,Kim English,Shooting
2012,45,PHI,Justin Hamilton,Center
2012,46,NOH,Darius Miller,Small
2012,47,UTA,Kevin Murphy,Shooting
2012,48,NYK,Kostas Papanikolaou,Small
2012,49,ORL,Kyle O'Quinn,Center
2012,50,DEN,İzzet Türkyılmaz,Center/Forward
2012,51,BOS,Kris Joseph,Small
2012,52,GSW,Ognjen Kuzmić,Center
2012,53,LAC,Furkan Aldemir,Power
2012,54,PHI,Tornike Shengelia,Small
2012,55,DAL,Darius Johnson-Odom,Shooting
2012,56,TOR,Tomislav Zubčić,Forward
2012,57,NJN,İlkan Karaman,Forward
2012,58,MIN,Robbie Hummel,Small
2012,59,SAS,Marcus Denmon,Guard
2012,60,LAL,Robert Sacre,Center
2013,1,CLE,Anthony Bennett,Power
2013,2,ORL,Victor Oladipo,Shooting
2013,3,WAS,Otto Porter,Small
2013,4,CHA,Cody Zeller,Center
2013,5,PHO,Alex Len,Center
2013,6,NOH,Nerlens Noel,Center
2013,7,SAC,Ben McLemore,Shooting
2013,8,DET,Kentavious Caldwell-Pope,Shooting
2013,9,MIN,Trey Burke,Point
2013,10,POR,CJ McCollum,Shooting
2013,11,PHI,Michael Carter-Williams,Point
2013,12,OKC,Steven Adams,Center
2013,13,DAL,Kelly Olynyk,Center
2013,14,UTA,Shabazz Muhammad,Shooting
2013,15,MIL,Giannis Antetokounmpo,Power
2013,16,BOS,Lucas Nogueira,Center
2013,17,ATL,Dennis Schröder,Point
2013,18,ATL,Shane Larkin,Point
2013,19,CLE,Sergey Karasev,Small
2013,20,CHI,Tony Snell,Shooting
2013,21,UTA,Gorgui Dieng,Center
2013,22,BRK,Mason Plumlee,Center
2013,23,IND,Solomon Hill,Small
2013,24,NYK,Tim Hardaway Jr.,Shooting
2013,25,LAC,Reggie Bullock,Small
2013,26,MIN,Andre Roberson,Shooting
2013,27,DEN,Rudy Gobert,Center
2013,28,SAS,Livio Jean-Charles,Forward
2013,29,OKC,Archie Goodwin,Shooting
2013,30,PHO,Nemanja Nedović,Shooting
2013,31,CLE,Allen Crabbe,Shooting
2013,32,OKC,Álex Abrines,Shooting
2013,33,CLE,Carrick Felix,Shooting
2013,34,HOU,Isaiah Canaan,Point
2013,35,PHI,Glen Rice Jr.,Shooting
2013,36,SAC,Ray McCallum,Point
2013,37,DET,Tony Mitchell,Power
2013,38,WAS,Nate Wolters,Point
2013,39,POR,Jeff Withey,Center
2013,40,POR,Grant Jerrett,Power
2013,41,MEM,Jamaal Franklin,Shooting
2013,42,PHI,Pierre Jackson,Point
2013,43,MIL,Ricky Ledo,Shooting
2013,44,DAL,Mike Muscala,Center
2013,45,POR,Marko Todorović,Forward
2013,46,UTA,Erick Green,Point
2013,47,ATL,Raul Neto,Point
2013,48,LAL,Ryan Kelly,Power
2013,49,CHI,Erik Murphy,Center
2013,50,ATL,James Ennis,Small
2013,51,ORL,Romero Osby,Small
2013,52,MIN,Lorenzo Brown,Point
2013,53,IND,Colton Iverson,Center
2013,54,WAS,Arsalan Kazemi,Forward
2013,55,MEM,Joffrey Lauvergne,Center
2013,56,DET,Peyton Siva,Shooting
2013,57,PHO,Alex Oriakhi,Forward
2013,58,SAS,Deshaun Thomas,Forward
2013,59,MIN,Bojan Dubljević,Forward/Center
2013,60,MEM,Jānis Timma,Forward
2014,1,CLE,Andrew Wiggins,Small
2014,2,MIL,Jabari Parker,Power
2014,3,PHI,Joel Embiid,Center
2014,4,ORL,Aaron Gordon,Power
2014,5,UTA,Dante Exum,Point
2014,6,BOS,Marcus Smart,Shooting
2014,7,LAL,Julius Randle,Power
2014,8,SAC,Nik Stauskas,Shooting
2014,9,CHH,Noah Vonleh,Power
2014,10,PHI,Elfrid Payton,Point
2014,11,DEN,Doug McDermott,Small
2014,12,ORL,Dario Šarić,Power
2014,13,MIN,Zach LaVine,Shooting
2014,14,PHO,T.J. Warren,Small
2014,15,ATL,Adreian Payne,Power
2014,16,CHI,Jusuf Nurkić,Center
2014,17,BOS,James Young,Shooting
2014,18,PHO,Tyler Ennis,Point
2014,19,CHI,Gary Harris,Shooting
2014,20,TOR,Bruno Caboclo,Small
2014,21,OKC,Mitch McGary,Power
2014,22,MEM,Jordan Adams,Shooting
2014,23,UTA,Rodney Hood,Shooting
2014,24,CHH,Shabazz Napier,Point
2014,25,HOU,Clint Capela,Center
2014,26,MIA,P.J. Hairston,Small
2014,27,PHO,Bogdan Bogdanović,Shooting
2014,28,LAC,C.J. Wilcox,Shooting
2014,29,OKC,Josh Huestis,Power
2014,30,SAS,Kyle Anderson,Small
2014,31,MIL,Damien Inglis,Small
2014,32,PHI,K.J. McDaniels,Small
2014,33,CLE,Joe Harris,Shooting
2014,34,NYK,Cleanthony Early,Small
2014,35,UTA,Jarnell Stokes,Center
2014,36,MIL,Johnny O'Bryant,Power
2014,37,TOR,DeAndre Daniels,Forward
2014,38,DET,Spencer Dinwiddie,Point
2014,39,PHI,Jerami Grant,Power
2014,40,MIN,Glenn Robinson III,Small
2014,41,DEN,Nikola Jokić,Center
2014,42,HOU,Nick Johnson,Shooting
2014,43,ATL,Edy Tavares,Center
2014,44,MIN,Markel Brown,Shooting
2014,45,CHH,Dwight Powell,Center
2014,46,WAS,Jordan Clarkson,Shooting
2014,47,PHI,Russ Smith,Point
2014,48,MIL,Lamar Patterson,Shooting
2014,49,CHI,Cameron Bairstow,Power
2014,50,PHO,Alec Brown,Forward/Center
2014,51,NYK,Thanasis Antetokounmpo,Small
2014,52,PHI,Vasilije Micić,Guard
2014,53,MIN,Alessandro Gentile,Forward
2014,54,PHI,Nemanja Dangubić,Guard
2014,55,MIA,Semaj Christon,Point
2014,56,DEN,Devyn Marble,Shooting
2014,57,IND,Louis Labeyrie,Forward
2014,58,SAS,Jordan McRae,Shooting
2014,59,TOR,Xavier Thames,Guard
2014,60,SAS,Cory Jefferson,Power
2015,1,MIN,Karl-Anthony Towns,Center
2015,2,LAL,D'Angelo Russell,Point
2015,3,PHI,Jahlil Okafor,Center
2015,4,NYK,Kristaps Porziņģis,Power
2015,5,ORL,Mario Hezonja,Small
2015,6,SAC,Willie Cauley-Stein,Center
2015,7,DEN,Emmanuel Mudiay,Point
2015,8,DET,Stanley Johnson,Small
2015,9,CHO,Frank Kaminsky,Center
2015,10,MIA,Justise Winslow,Small
2015,11,IND,Myles Turner,Center
2015,12,UTA,Trey Lyles,Power
2015,13,PHO,Devin Booker,Shooting
2015,14,OKC,Cameron Payne,Point
2015,15,ATL,Kelly Oubre Jr.,Small
2015,16,BOS,Terry Rozier,Point
2015,17,MIL,Rashad Vaughn,Shooting
2015,18,HOU,Sam Dekker,Power
2015,19,WAS,Jerian Grant,Point
2015,20,TOR,Delon Wright,Point
2015,21,DAL,Justin Anderson,Small
2015,22,CHI,Bobby Portis,Power
2015,23,POR,Rondae Hollis-Jefferson,Small
2015,24,CLE,Tyus Jones,Point
2015,25,MEM,Jarell Martin,Power
2015,26,SAS,Nikola Milutinov,Center
2015,27,LAL,Larry Nance Jr.,Power
2015,28,BOS,R.J. Hunter,Shooting
2015,29,BRK,Chris McCullough,Power
2015,30,GSW,Kevon Looney,Center
2015,31,MIN,Cedi Osman,Small
2015,32,HOU,Montrezl Harrell,Center
2015,33,BOS,Jordan Mickey,Power
2015,34,LAL,Anthony Brown,Small
2015,35,PHI,Willy Hernangómez,Center
2015,36,MIN,Rakeem Christmas,Power
2015,37,PHI,Richaun Holmes,Center
2015,38,DET,Darrun Hilliard,Shooting
2015,39,CHO,Juan Pablo Vaulet,Forward
2015,40,MIA,Josh Richardson,Shooting
2015,41,BRK,Pat Connaughton,Shooting
2015,42,UTA,Olivier Hanlan,Guard
2015,43,IND,Joe Young,Point
2015,44,PHO,Andrew Harrison,Point
2015,45,BOS,Marcus Thornton,Guard
2015,46,MIL,Norman Powell,Shooting
2015,47,PHI,Artūras Gudaitis,Center
2015,48,OKC,Dakari Johnson,Center
2015,49,WAS,Aaron White,Forward
2015,50,ATL,Marcus Eriksson,Guard
2015,51,ORL,Tyler Harvey,Guard
2015,52,DAL,Satnam Singh,Center
2015,53,CLE,Sir'Dominic Pointer,Guard/Forward
2015,54,UTA,Dani Díez,Forward
2015,55,SAS,Cady Lalanne,Center
2015,56,NOP,Branden Dawson,Power
2015,57,DEN,Nikola Radičević,Guard
2015,58,PHI,J.P. Tokoto,Guard/Forward
2015,59,ATL,Dimitrios Agravanis,Forward/Center
2015,60,PHI,Luka Mitrović,Forward
2016,1,PHI,Ben Simmons,Point
2016,2,LAL,Brandon Ingram,Small
2016,3,BOS,Jaylen Brown,Shooting
2016,4,PHO,Dragan Bender,Power
2016,5,MIN,Kris Dunn,Point
2016,6,NOP,Buddy Hield,Shooting
2016,7,DEN,Jamal Murray,Point
2016,8,SAC,Marquese Chriss,Power
2016,9,TOR,Jakob Poeltl,Center
2016,10,MIL,Thon Maker,Center
2016,11,ORL,Domantas Sabonis,Power
2016,12,UTA,Taurean Prince,Small
2016,13,PHO,Georgios Papagiannis,Center
2016,14,CHI,Denzel Valentine,Shooting
2016,15,DEN,Juan Hernangómez,Power
2016,16,BOS,Guerschon Yabusele,Power
2016,17,MEM,Wade Baldwin,Point
2016,18,DET,Henry Ellenson,Power
2016,19,DEN,Malik Beasley,Shooting
2016,20,IND,Caris LeVert,Shooting
2016,21,ATL,DeAndre' Bembry,Small
2016,22,CHO,Malachi Richardson,Shooting
2016,23,BOS,Ante Žižić,Center
2016,24,PHI,Timothé Luwawu-Cabarrot,Small
2016,25,LAC,Brice Johnson,Power
2016,26,PHI,Furkan Korkmaz,Shooting
2016,27,TOR,Pascal Siakam,Power
2016,28,PHO,Skal Labissière,Power
2016,29,SAS,Dejounte Murray,Point
2016,30,GSW,Damian Jones,Center
2016,31,BOS,Deyonta Davis,Center
2016,32,LAL,Ivica Zubac,Center
2016,33,LAC,Cheick Diallo,Power
2016,34,PHO,Tyler Ulis,Point
2016,35,BOS,Rade Zagorac,Guard/Forward
2016,36,MIL,Malcolm Brogdon,Point
2016,37,HOU,Chinanu Onuaku,Center
2016,38,MIL,Patrick McCaw,Shooting
2016,39,NOP,David Michineau,Guard
2016,40,NOP,Diamond Stone,Center
2016,41,ORL,Stephen Zimmerman,Center
2016,42,UTA,Isaiah Whitehead,Point
2016,43,HOU,Zhou Qi,Power
2016,44,ATL,Isaïa Cordinier,Guard
2016,45,BOS,Demetrius Jackson,Point
2016,46,DAL,A.J. Hammons,Center
2016,47,ORL,Jake Layman,Small
2016,48,CHI,Paul Zipser,Small
2016,49,DET,Michael Gbinije,Shooting
2016,50,IND,Georges Niang,Power
2016,51,BOS,Ben Bentil,Power
2016,52,UTA,Joel Bolomboy,Power
2016,53,DEN,Petr Cornelie,Forward
2016,54,ATL,Kay Felder,Point
2016,55,BRK,Marcus Paige,Point
2016,56,DEN,Daniel Hamilton,Shooting
2016,57,MEM,Wang Zhelin,Center
2016,58,BOS,Abdel Nader,Small
2016,59,SAC,Isaiah Cousins,Guard
2016,60,UTA,Tyrone Wallace,Point
2017,1,PHI,Markelle Fultz,Shooting
2017,2,LAL,Lonzo Ball,Point
2017,3,BOS,Jayson Tatum,Small
2017,4,PHO,Josh Jackson,Shooting
2017,5,SAC,De'Aaron Fox,Point
2017,6,ORL,Jonathan Isaac,Power
2017,7,MIN,Lauri Markkanen,Power
2017,8,NYK,Frank Ntilikina,Point
2017,9,DAL,Dennis Smith Jr.,Point
2017,10,SAC,Zach Collins,Power
2017,11,CHO,Malik Monk,Shooting
2017,12,DET,Luke Kennard,Shooting
2017,13,DEN,Donovan Mitchell,Shooting
2017,14,MIA,Bam Adebayo,Center
2017,15,POR,Justin Jackson,Small
2017,16,CHI,Justin Patton,Center
2017,17,MIL,D.J. Wilson,Power
2017,18,IND,T.J. Leaf,Power
2017,19,ATL,John Collins,Power
2017,20,POR,Harry Giles,Center
2017,21,OKC,Terrance Ferguson,Shooting
2017,22,BRK,Jarrett Allen,Center
2017,23,TOR,OG Anunoby,Small
2017,24,UTA,Tyler Lydon,Power
2017,25,ORL,Anžejs Pasečņiks,Center
2017,26,POR,Caleb Swanigan,Power
2017,27,BRK,Kyle Kuzma,Power
2017,28,LAL,Tony Bradley,Center
2017,29,SAS,Derrick White,Shooting
2017,30,UTA,Josh Hart,Shooting
2017,31,CHO,Frank Jackson,Point
2017,32,PHO,Davon Reed,Shooting
2017,33,ORL,Wesley Iwundu,Small
2017,34,SAC,Frank Mason III,Point
2017,35,ORL,Ivan Rabb,Power
2017,36,PHI,Jonah Bolden,Center
2017,37,BOS,Semi Ojeleye,Power
2017,38,CHI,Jordan Bell,Center
2017,39,PHI,Jawun Evans,Point
2017,40,NOP,Dwayne Bacon,Shooting
2017,41,ATL,Tyler Dorsey,Shooting
2017,42,UTA,Thomas Bryant,Center
2017,43,HOU,Isaiah Hartenstein,Center
2017,44,NYK,Damyean Dotson,Shooting
2017,45,HOU,Dillon Brooks,Small
2017,46,PHI,Sterling Brown,Shooting
2017,47,IND,Ike Anigbogu,Center
2017,48,MIL,Sindarius Thornwell,Shooting
2017,49,DEN,Vlatko Čančar,Power
2017,50,PHI,Mathias Lessort,Forward
2017,51,DEN,Monte Morris,Point
2017,52,NOP,Edmond Sumner,Shooting
2017,53,BOS,Kadeem Allen,Point
2017,54,PHO,Alec Peters,Power
2017,55,UTA,Nigel Williams-Goss,Point
2017,56,BOS,Jabari Bird,Shooting
2017,57,BRK,Sasha Vezenkov,Forward
2017,58,NYK,Ognjen Jaramaz,Guard
2017,59,SAS,Jaron Blossomgame,Small
2017,60,ATL,Alpha Kaba,Forward
2018,1,PHO,Deandre Ayton,Center
2018,2,SAC,Marvin Bagley III,Power
2018,3,ATL,Luka Dončić,Point
2018,4,MEM,Jaren Jackson Jr.,Center
2018,5,DAL,Trae Young,Point
2018,6,ORL,Mo Bamba,Center
2018,7,CHI,Wendell Carter Jr.,Center
2018,8,CLE,Collin Sexton,Point
2018,9,NYK,Kevin Knox,Small
2018,10,PHI,Mikal Bridges,Small
2018,11,CHO,Shai Gilgeous-Alexander,Shooting
2018,12,LAC,Miles Bridges,Small
2018,13,LAC,Jerome Robinson,Shooting
2018,14,DEN,Michael Porter Jr.,Small
2018,15,WAS,Troy Brown Jr.,Small
2018,16,PHO,Zhaire Smith,Shooting
2018,17,MIL,Donte DiVincenzo,Shooting
2018,18,SAS,Lonnie Walker,Shooting
2018,19,ATL,Kevin Huerter,Shooting
2018,20,MIN,Josh Okogie,Shooting
2018,21,UTA,Grayson Allen,Shooting
2018,22,CHI,Chandler Hutchison,Small
2018,23,IND,Aaron Holiday,Point
2018,24,POR,Anfernee Simons,Shooting
2018,25,LAL,Moritz Wagner,Center
2018,26,PHI,Landry Shamet,Shooting
2018,27,BOS,Robert Williams,Center
2018,28,GSW,Jacob Evans,Shooting
2018,29,BRK,Džanan Musa,Shooting
2018,30,ATL,Omari Spellman,Center
2018,31,PHO,Elie Okobo,Point
2018,32,MEM,Jevon Carter,Point
2018,33,DAL,Jalen Brunson,Point
2018,34,ATL,Devonte' Graham,Point
2018,35,ORL,Melvin Frazier,Shooting
2018,36,NYK,Mitchell Robinson,Center
2018,37,SAC,Gary Trent Jr.,Shooting
2018,38,PHI,Khyri Thomas,Shooting
2018,39,PHI,Isaac Bonga,Small
2018,40,BRK,Rodions Kurucs,Small
2018,41,ORL,Jarred Vanderbilt,Power
2018,42,DET,Bruce Brown,Point
2018,43,DEN,Justin Jackson,Forward
2018,44,WAS,Issuf Sanon,Guard
2018,45,BRK,Hamidou Diallo,Shooting
2018,46,HOU,De'Anthony Melton,Point
2018,47,LAL,Sviatoslav Mykhailiuk,Small
2018,48,MIN,Keita Bates-Diop,Small
2018,49,SAS,Chimezie Metu,Center
2018,50,IND,Alize Johnson,Power
2018,51,NOP,Tony Carr,Guard
2018,52,UTA,Vince Edwards,Small
2018,53,OKC,Devon Hall,Point
2018,54,DAL,Shake Milton,Shooting
2018,55,CHO,Arnoldas Kulboka,Forward
2018,56,PHI,Ray Spalding,Power
2018,57,OKC,Kevin Hervey,Power
2018,58,DEN,Thomas Welsh,Center
2018,59,PHO,George King,Small
2018,60,PHI,Kostas Antetokounmpo,Power
2019,1,NOP,Zion Williamson,Power
2019,2,MEM,Ja Morant,Point
2019,3,NYK,RJ Barrett,Shooting
2019,4,LAL,De'Andre Hunter,Small
2019,5,CLE,Darius Garland,Shooting
2019,6,PHO,Jarrett Culver,Shooting
2019,7,CHI,Coby White,Point
2019,8,ATL,Jaxson Hayes,Center
2019,9,WAS,Rui Hachimura,Power
2019,10,ATL,Cam Reddish,Small
2019,11,MIN,Cameron Johnson,Power
2019,12,CHO,P.J. Washington,Power
2019,13,MIA,Tyler Herro,Shooting
2019,14,BOS,Romeo Langford,Shooting
2019,15,DET,Sekou Doumbouya,Power
2019,16,ORL,Chuma Okeke,Power
2019,17,BRK,Nickeil Alexander-Walker,Shooting
2019,18,IND,Goga Bitadze,Center
2019,19,SAS,Luka Šamanić,Power
2019,20,BOS,Matisse Thybulle,Shooting
2019,21,OKC,Brandon Clarke,Power
2019,22,BOS,Grant Williams,Power
2019,23,UTA,Darius Bazley,Power
2019,24,PHI,Ty Jerome,Shooting
2019,25,POR,Nassir Little,Power
2019,26,CLE,Dylan Windler,Small
2019,27,BRK,Mfiondu Kabengele,Power
2019,28,GSW,Jordan Poole,Shooting
2019,29,SAS,Keldon Johnson,Small
2019,30,MIL,Kevin Porter Jr.,Shooting
2019,31,BRK,Nicolas Claxton,Center
2019,32,PHO,KZ Okpala,Power
2019,33,PHI,Carsen Edwards,Shooting
2019,34,PHI,Bruno Fernando,Center
2019,35,ATL,Didi Louzada,Small
2019,36,CHO,Cody Martin,Small
2019,37,DAL,Deividas Sirvydis,Shooting
2019,38,CHI,Daniel Gafford,Center
2019,39,NOP,Alen Smailagić,Power
2019,40,SAC,Justin James,Small
2019,41,GSW,Eric Paschall,Power
2019,42,PHI,Admiral Schofield,Power
2019,43,MIN,Jaylen Nowell,Shooting
2019,44,MIA,Bol Bol,Power
2019,45,DET,Isaiah Roby,Power
2019,46,ORL,Talen Horton-Tucker,Shooting
2019,47,SAC,Ignas Brazdeikis,Small
2019,48,LAC,Terance Mann,Shooting
2019,49,SAS,Quinndary Weatherspoon,Shooting
2019,50,IND,Jarrell Brantley,Power
2019,51,BOS,Tremont Waters,Point
2019,52,CHO,Jalen McDaniels,Small
2019,53,UTA,Justin Wright-Foreman,Point
2019,54,PHI,Marial Shayok,Shooting
2019,55,NYK,Kyle Guy,Shooting
2019,56,LAC,Jaylen Hands,Guard
2019,57,NOP,Jordan Bone,Point
2019,58,GSW,Miye Oni,Shooting
2019,59,TOR,Dewan Hernandez,Center
2019,60,SAC,Vanja Marinković,Guard
2020,1,MIN,Anthony Edwards,Shooting
2020,2,GSW,James Wiseman,Center
2020,3,CHO,LaMelo Ball,Point
2020,4,CHI,Patrick Williams,Power
2020,5,CLE,Isaac Okoro,Shooting
2020,6,ATL,Onyeka Okongwu,Center
2020,7,DET,Killian Hayes,Point
2020,8,NYK,Obi Toppin,Power
2020,9,WAS,Deni Avdija,Small
2020,10,PHO,Jalen Smith,Power
2020,11,SAS,Devin Vassell,Small
2020,12,SAC,Tyrese Haliburton,Point
2020,13,NOP,Kira Lewis Jr.,Point
2020,14,BOS,Aaron Nesmith,Small
2020,15,ORL,Cole Anthony,Point
2020,16,POR,Isaiah Stewart,Center
2020,17,MIN,Aleksej Pokusevski,Power
2020,18,DAL,Josh Green,Shooting
2020,19,BRK,Saddiq Bey,Small
2020,20,MIA,Precious Achiuwa,Power
2020,21,PHI,Tyrese Maxey,Shooting
2020,22,DEN,Zeke Nnaji,Power
2020,23,NYK,Leandro Bolmaro,Forward
2020,24,MIL,R.J. Hampton,Shooting
2020,25,OKC,Immanuel Quickley,Point
2020,26,BOS,Payton Pritchard,Shooting
2020,27,UTA,Udoka Azubuike,Center
2020,28,LAL,Jaden McDaniels,Power
2020,29,TOR,Malachi Flynn,Point
2020,30,BOS,Desmond Bane,Shooting
2020,31,DAL,Tyrell Terry,Point
2020,32,CHO,Vernon Carey Jr.,Center
2020,33,MIN,Daniel Oturu,Center
2020,34,PHI,Théo Maledon,Point
2020,35,SAC,Xavier Tillman Sr.,Power
2020,36,PHI,Tyler Bey,Small
2020,37,WAS,Vit Krejci,Guard
2020,38,UTA,Saben Lee,Point
2020,39,NOP,Elijah Hughes,Small
2020,40,MEM,Robert Woodard,Small
2020,41,SAS,Tre Jones,Point
2020,42,NOP,Nick Richards,Power
2020,43,SAC,Jahmi'us Ramsey,Shooting
2020,44,CHI,Marko Simonovic,Center
2020,45,MIL,Jordan Nwora,Small
2020,46,POR,CJ Elleby,Small
2020,47,BOS,Yam Madar,Guard
2020,48,GSW,Nico Mannion,Point
2020,49,PHI,Isaiah Joe,Shooting
2020,50,ATL,Skylar Mays,Shooting
2020,51,GSW,Justinian Jessup,Guard
2020,52,SAC,Kenyon Martin Jr.,Small
2020,53,OKC,Cassius Winston,Point
2020,54,IND,Cassius Stanley,Shooting
2020,55,BRK,Jay Scrubb,Shooting
2020,56,CHO,Grant Riller,Point
2020,57,LAC,Reggie Perry,Power
2020,58,PHI,Paul Reed,Power
2020,59,TOR,Jalen Harris,Shooting
2020,60,NOP,Sam Merrill,Shooting
2021,1,DET,Cade Cunningham,Guard
2021,2,HOU,Jalen Green,Guard
2021,3,CLE,Evan Mobley,Forward/Center
2021,4,TOR,Scottie Barnes,Guard/Forward
2021,5,ORL,Jalen Suggs,Guard
2021,6,OKC,Josh Giddey,Guard
2021,7,GSW,Jonathan Kuminga,Forward
2021,8,ORL,Franz Wagner,Guard/Forward
2021,9,SAC,Davion Mitchell,Guard
2021,10,NOP,Ziaire Williams,Forward
2021,11,CHO,James Bouknight,Guard
2021,12,SAS,Joshua Primo,Guard
2021,13,IND,Chris Duarte,Guard
2021,14,GSW,Moses Moody,Guard
2021,15,WAS,Corey Kispert,Guard/Forward
2021,16,OKC,Alperen Şengün,Forward
2021,17,MEM,Trey Murphy III,Forward
2021,18,OKC,Tre Mann,Guard
2021,19,NYK,Kai Jones,Forward/Center
2021,20,ATL,Jalen Johnson,Forward
2021,21,NYK,Keon Johnson,Guard
2021,22,LAL,Isaiah Jackson,Forward/Center
2021,23,HOU,Usman Garuba,Forward
2021,24,HOU,Josh Christopher,Guard
2021,25,LAC,Quentin Grimes,Guard
2021,26,DEN,Bones Hyland,Guard
2021,27,BRK,Cameron Thomas,Guard
2021,28,PHI,Jaden Springer,Guard
2021,29,PHO,Day'Ron Sharpe,Center
2021,30,UTA,Santi Aldama,Forward
2021,31,MIL,Isaiah Todd,Forward
2021,32,NYK,Jeremiah Robinson-Earl,Forward
2021,33,ORL,Jason Preston,Guard
2021,34,OKC,Rokas Jokubaitis,Guard
2021,35,NOP,Herb Jones,Forward
2021,36,OKC,Miles McBride,Guard
2021,37,DET,JT Thor,Forward
2021,38,CHI,Ayo Dosunmu,Guard
2021,39,SAC,Neemias Queta,Center
2021,40,NOP,Jared Butler,Guard
2021,41,SAS,Joe Wieskamp,Guard
2021,42,DET,Isaiah Livers,Forward
2021,43,NOP,Greg Brown III,Forward
2021,44,BRK,Kessler Edwards,Forward
2021,45,BOS,Juhann Begarin,Guard
2021,46,TOR,Dalano Banton,Guard/Forward
2021,47,TOR,David Johnson,Guard
2021,48,ATL,Sharife Cooper,Guard
2021,49,BRK,Marcus Zegarowski,Guard
2021,50,PHI,Filip Petrušev,Forward/Center
2021,51,MEM,Brandon Boston Jr.,Guard/Forward
2021,52,DET,Luka Garza,Forward/Center
2021,53,PHI,Charles Bassey,Center
2021,54,IND,Sandro Mamukelashvili,Forward
2021,55,OKC,Aaron Wiggins,Guard
2021,56,CHO,Scottie Lewis,Guard
2021,57,CHO,Balša Koprivica,Center
2021,58,NYK,Jericho Sims,Forward
2021,59,BRK,RaiQuan Gray,Forward
2021,60,IND,Georgios Kalaitzakis,Guard/Forward
